insert into Product values (default, 1000, "p1", 12.45, "This is the product 1",10);
insert into Product values (default, 500, "p2", 45.74, "This is the product 2",100);
insert into Product values (default, 7550, "p3", 752.21, "This is the product 3",110);
insert into Product values (default, 7872, "p4", 75.11, "This is the product 4",120);
insert into Product values (default, 750, "p5", 17.87, "This is the product 5",160);
insert into Product values (default, 5782, "p6", 12.75, "This is the product 6",170);
insert into Product values (default, 2756, "p7", 12.45, "This is the product 7",810);
insert into Product values (default, 7862, "p8", 111.00, "This is the product 8",150);
insert into Product values (default, 785, "p9", 74.12, "This is the product 9",100);
insert into Product values (default, 4123, "p10", 470.33, "This is the product 10",10);
insert into Product values (default, 415, "p11", 34.50, "This is the product 11",13);
insert into Product values (default, 1300, "p12", 4.00, "This is the product 12",12);
insert into Product values (default, 560, "p13", 50.00, "This is the product 13",89);
insert into Product values (default, 2300, "p14", 23.89, "This is the product 14",90);
insert into Product values (default, 4000, "p15", 1.201, "This is the product 15",89);
insert into Product values (default, 3400, "p16", 12.01, "This is the product 16",76);
insert into Product values (default, 414, "p17", 34.67, "This is the product 17",65);
insert into Product values (default, 345, "p18", 23.01, "This is the product 18",35);
insert into Product values (default, 900, "p19", 25.01, "This is the product 19",45);
insert into Product values (default, 670, "p20", 45.00, "This is the product 20",90);
insert into Product values (default, 4000, "p21", 470.00, "This is the product 21",13);
insert into Product values (default, 3400, "p22", 4.09, "This is the product 22",86);
insert into Product values (default, 4123, "p23", 5.90, "This is the product 23",65);
insert into Product values (default, 670, "p24", 34.89, "This is the product 24",80);
insert into Product values (default, 785, "p25", 56.95, "This is the product 25",12);
insert into Product values (default, 4900, "p26", 23.78, "This is the product 26",25);
insert into Product values (default, 2390, "p27", 12.56, "This is the product 27",345);
insert into Product values (default, 1090, "p28", 67.02, "This is the product 28",45);
insert into Product values (default, 1090, "p29", 34.76, "This is the product 29",90);
insert into Product values (default, 370, "p30", 12.45, "This is the product 30",103);


insert into Product_Image values (default,1,'toppng.com-png-effects-download-500x500.png');
insert into Product_Image values (default,2,'toppng.com-png-effects-download-500x500.png');
insert into Product_Image values (default,3,'toppng.com-png-effects-download-500x500.png');
insert into Product_Image values (default,4,'toppng.com-png-effects-download-500x500.png');
insert into Product_Image values (default,5,'toppng.com-png-effects-download-500x500.png');
insert into Product_Image values (default,6,'toppng.com-png-effects-download-500x500.png');
insert into Product_Image values (default,7,'toppng.com-png-effects-download-500x500.png');
insert into Product_Image values (default,8,'toppng.com-png-effects-download-500x500.png');
insert into Product_Image values (default,9,'toppng.com-png-effects-download-500x500.png');
insert into Product_Image values (default,10,'toppng.com-png-effects-download-500x500.png');
insert into Product_Image values (default,11,'toppng.com-png-effects-download-500x500.png');
insert into Product_Image values (default,12,'toppng.com-png-effects-download-500x500.png');
insert into Product_Image values (default,13,'toppng.com-png-effects-download-500x500.png');
insert into Product_Image values (default,14,'toppng.com-png-effects-download-500x500.png');
insert into Product_Image values (default,15,'toppng.com-png-effects-download-500x500.png');
insert into Product_Image values (default,16,'toppng.com-png-effects-download-500x500.png');
insert into Product_Image values (default,17,'toppng.com-png-effects-download-500x500.png');


insert into Store values (default, "Colombo","Colombostore",0760600609,"addressColombo");
insert into Store values (default, "Galle","Gallestore",076060089,"addressGalle");
insert into Store values (default, "Trinco","Trincostore",0760690609,"addressTrinco");
insert into Store values (default, "Jaffna","Jaffnastore",0760606609,"addressNegambo");
insert into Store values (default, "Matara","Matarastore",0760606609,"addressNegambo");
insert into Store values (default, "Ratnapura","Ratnapurastore",0760606609,"addressNegambo");
insert into Store values (default, "Badulla","Badullastore",0760606609,"addressNegambo");
insert into Store values (default, "Kandy","Kandystore",0760606609,"addressNegambo");
insert into Store values (default, "Gampaha","Gampahastore",0760606609,"addressNegambo");
insert into Store values (default, "Kegalle","Kegallestore",0760606609,"addressNegambo");
insert into Store values (default, "Negambo","Negambostore",0760606609,"addressNegambo");
insert into Store values (default, "Kalutara","Kalutarastore",0760606609,"addressNegambo");
insert into Store values (default, "Vavniya","Vavniyastore",0760606609,"addressNegambo");
insert into Store values (default, "Ampara","Amparastore",0760606609,"addressNegambo");
insert into Store values (default, "Monaragala","Moanaragalastore",0760606609,"addressNegambo");
insert into Store values (default, "Kurunegala","Kurunegalastore",0760606609,"addressNegambo");
insert into Store values (default, "Anuradhapura","Anuradhapurastore",0760606609,"addressNegambo");
insert into Store values (default, "Hambantota","Hambantotastore",0760606609,"addressNegambo");
insert into Store values (default, "Batticaloa","Batticaloastore",0760606609,"addressNegambo");
insert into Store values (default, "Matale","Matalestore",0760606609,"addressNegambo");
insert into Store values (default, "Bambalapitiya","Bambalapitiyastore",0760606609,"addressNegambo");

insert into Train_Route values (default, 1,'00:00:00');
insert into Train_Route values (default, 1,'10:30:00');
insert into Train_Route values (default, 3,'00:10:00');
insert into Train_Route values (default, 4,'13:00:00');
insert into Train_Route values (default, 2,'23:34:00');

insert into Train values(default, 1,3210,500);
insert into Train values(default, 2,3401,0);
insert into Train values(default, 3,4321,250);
insert into Train values(default, 4,3431,3000);
insert into Train values(default, 3,4325,66);
insert into Train values(default, 3,3342,0);
insert into Train values(default, 2,32345,250);
insert into Train values(default, 2,3467,300);


insert into Customer values ("bashadithennakoon@gmail.com","basadi","wholesaler", 'sdfasdfa', 0761546870);
insert into Customer values ("basadithennakoon@gmail.com","umayanga","retailer", 'sdafsd3232', 0761546871);
insert into Customer values ("sulakshigunaratne@gmail.com","sualkshi","end customer", 'se44g5g55', 0761546872);
insert into Customer values ("basadee.20@cse.mrt.ac.lk","bashadi","manager", 'se44g5g56', 0761546873);
insert into Customer values ("umayanga.20@cse.mrt.ac.lk","uamayanga","retailer", 'se44g5g57', 0761546874);
insert into Customer values ("abwwwc@gmail.com","abww","manager", 'se44g5g58', 0761546875);
insert into Customer values ("abwwwc@gmail.com","abww","wholesaler", 'se44g5g50', 0761546876);
insert into Customer values ("abwwwc@gmail.com","abww","retailer", 'se44g5g512', 0761546877);
insert into Customer values ("abwwwc@gmail.com","abww","end customer", 'se44g5g53', 0761546878);
insert into Customer values ("abwwwc@gmail.com","abww","end customer", 'se44g5g54', 0761546879);
insert into Customer values ("abwwwc@gmail.com","abww","manager", 'se44g5g55', 0761546812);
insert into Customer values ("abwwwc@gmail.com","abww","retailer", 'se44g5g578', 0761546823);
insert into Customer values ("abwwwc@gmail.com","abww","wholesaler", 'se44g5g589', 0761546834);
insert into Customer values ("abwwwc@gmail.com","abww","end customer", 'se44g5g5512', 0761546845);
insert into Customer values ("abwwwc@gmail.com","abww","end customer", 'se44g5g5523', 0761546856);
insert into Customer values ("abwwwc@gmail.com","abww","end customer", 'se44g5g5534', 0761546867);
insert into Customer values ("abwwwc@gmail.com","abww","end customer", 'se44g5g5545', 0761546878);
insert into Customer values ("abwwwc@gmail.com","abww","end customer", 'se44g5g5556', 0761546889);
insert into Customer values ("abwwwc@gmail.com","abww","end customer", 'se44g5g5567', 0761546123);


insert into Truck_Route values ('Kaluthara', 10.30);
insert into Truck_Route values ('Mathara', 8.00);
insert into Truck_Route values ('Mulathiw', 22.00);
insert into Truck_Route values ('Trinco', 20.00);
insert into Truck_Route values ('Gampaha', 4.00);
insert into Truck_Route values ('Colombo', 7.00);
insert into Truck_Route values ('Galle', 4.45);
insert into Truck_Route values ('Koattawa', 5.00);
insert into Truck_Route values ('Kandy', 10.00);
insert into Truck_Route values ('Ratnapura', 3.00);


insert into Orders values (default, 'No 22, Kaluthara, Colombo','sulakshigunaratne@gmail.com','2022-8-20','12:20:57','Kaluthara',440,'2022-9-1');
insert into Orders values (default, 'No 13, Port Road, Trinco','basadithennakoon@gmail.com','2022-10-1','16:23:24','Trinco',990,'2022-12-1');
insert into Orders values (default, 'No 117, Temple Road, Mathara','bashadithennakoon@gmail.com','2022-12-20','4:16:23','Mathara',440,'2023-1-1');
insert into Orders values (default, 'No 117, Galle Road, Colombo','umayanga.20@cse.mrt.ac.lk','2022-11-20','4:16:23','Mathara',440,'2023-1-1');
insert into Orders values (default, 'No 117, Temple Road, Mathara','abwwwc@gmail.com','2022-12-20','4:16:23','Mathara',440,'2023-1-1');
insert into Orders values (default, 'No 117, Temple Road, Mathara','abwwwc@gmail.com','2022-12-20','4:16:23','Mathara',440,'2023-1-1');
insert into Orders values (default, 'No 117, Temple Road, Mathara','abwwwc@gmail.com','2022-12-20','4:16:23','Mathara',440,'2023-1-1');
insert into Orders values (default, 'No 117, Temple Road, Mathara','abwwwc@gmail.com','2022-12-20','4:16:23','Mathara',440,'2023-1-1');
insert into Orders values (default, 'No 117, Temple Road, Mathara','abwwwc@gmail.com','2022-12-20','4:16:23','Mathara',440,'2023-1-1');
insert into Orders values (default, 'No 117, Temple Road, Mathara','abwwwc@gmail.com','2022-12-20','4:16:23','Mathara',440,'2023-1-1');
insert into Orders values (default, 'No 117, Temple Road, Mathara','abwwwc@gmail.com','2022-12-20','4:16:23','Mathara',440,'2023-1-1');
insert into Orders values (default, 'No 117, Temple Road, Mathara','abwwwc@gmail.com','2022-12-20','4:16:23','Mathara',440,'2023-1-1');
insert into Orders values (default, 'No 117, Temple Road, Mathara','abwwwc@gmail.com','2022-12-20','4:16:23','Mathara',440,'2023-1-1');
insert into Orders values (default, 'No 117, Temple Road, Mathara','abwwwc@gmail.com','2022-12-20','4:16:23','Mathara',440,'2023-1-1');
insert into Orders values (default, 'No 117, Temple Road, Mathara','abwwwc@gmail.com','2022-12-20','4:16:23','Mathara',440,'2023-1-1');


insert into Truck values ('WP ABC 2891', 1, 'Colombo');
insert into Truck values ('WP QQ 2345', 1, 'Kaluthara');
insert into Truck values ('EP LK 1889', 3, 'Trinco');
insert into Truck values ('SP AAA 3449', 2, 'Mathara');
insert into Truck values ('NP XZ 3990', 4, 'Gampaha');
insert into Truck values ('WP XT 3970', 10, 'Galle');
insert into Truck values ('NR UZ 1230', 4, 'Kottawa');
insert into Truck values ('NP LZ 3560', 6, 'Kandy');
insert into Truck values ('NP TR 3967', 5, 'Ratnapura');



insert into Delivery values (default, "sulakshigunratne@gmail.com",'WP QQ 2345');
insert into Delivery values (default, "basadithennakkoon@gmail.com",'EP LK 1889');
insert into Delivery values (default, "bashadithennakoon@gmail.com",'SP AAA 3449');
insert into Delivery values (default, "umayanga.20@cse.mrt.ac.lk",'SP AAA 3449');
insert into Delivery values (default, "abwwwc@gmail.com",'SP AAA 3449');
insert into Delivery values (default, "abwwwc@gmail.com",'SP AAA 3449');
insert into Delivery values (default, "abwwwc@gmail.com",'SP AAA 3449');
insert into Delivery values (default, "abwwwc@gmail.com",'SP AAA 3449');
insert into Delivery values (default, "abwwwc@gmail.com",'SP AAA 3449');
insert into Delivery values (default, "abwwwc@gmail.com",'SP AAA 3449');
insert into Delivery values (default, "abwwwc@gmail.com",'SP AAA 3449');
insert into Delivery values (default, "abwwwc@gmail.com",'SP AAA 3449');
insert into Delivery values (default, "abwwwc@gmail.com",'SP AAA 3449');
insert into Delivery values (default, "abwwwc@gmail.com",'SP AAA 3449');
insert into Delivery values (default, "abwwwc@gmail.com",'SP AAA 3449');
insert into Delivery values (default, "abwwwc@gmail.com",'SP AAA 3449');

insert into Order_Delivery values (default,1,1);
insert into Order_Delivery values (default,2,2);
insert into Order_Delivery values (default,3,3);
insert into Order_Delivery values (default,3,3);
insert into Order_Delivery values (default,3,3);
insert into Order_Delivery values (default,3,3);
insert into Order_Delivery values (default,3,3);
insert into Order_Delivery values (default,3,3);
insert into Order_Delivery values (default,3,3);
insert into Order_Delivery values (default,3,3);
insert into Order_Delivery values (default,3,3);
insert into Order_Delivery values (default,3,3);
insert into Order_Delivery values (default,3,3);
insert into Order_Delivery values (default,3,3);
insert into Order_Delivery values (default,3,3);
insert into Order_Delivery values (default,3,3);


insert into Transport values (default,2);
insert into Transport values (default,3);
insert into Transport values (default,5);

insert into Order_Transport values (default,1,1);
insert into Order_Transport values (default,2,2);
insert into Order_Transport values (default,3,3);

insert into Order_Product values (default,1,4,3000);
insert into Order_Product values (default,1,6,2600);
insert into Order_Product values (default,2,1,80);
insert into Order_Product values (default,3,2,4);
insert into Order_Product values (default,3,6,3);

insert into Cart values ("bashadithennakoon@gmail.com",default);
insert into Cart values ("sssd@gmail.com",default);
insert into Cart values ("abwwwc@gmail.com",default);

insert into Cart_Product values (default,4,1);
insert into Cart_Product values (default,6,1);
insert into Cart_Product values (default,1,2);
insert into Cart_Product values (default,2,3);
insert into Cart_Product values (default,3,3);

insert into Driver values ("basadithennakoon@gmail.com","basadi",1,"78964545634V",34,0054734570);
insert into Driver values ("bashadithennakoon@gmail.com","sulakshi",2,"78964548634V",26,0054734570);
insert into Driver values ("dinithi.20@cse.mrt.ac.lk","dinithi",3,"12567845634V",23,0954731170);
insert into Driver values ("driver4@gmail.com","driver 4",4,"12367854634V",2,0222111770);
insert into Driver values ("driver5@gmail.com","driver 5",3,"14445456345V",5,0547310000);

insert into Assistant values ("200083301184","basadhi",1,"sulakshigunaratne@gmail.com",26.40,0761546870);
insert into Assistant values ("12000008912V","sualkshi",2,"bashadithennakoon2@gmail.com",23.30,0343454239);
insert into Assistant values ("12345674442V","assis 3",4,"assis3@gmail.com",10.30,0343454239);
insert into Assistant values ("55545678912V","assis 4",3,"assis4@gmail.com",13.30,0343454239);
insert into Assistant values ("12999678912V","assis 5",4,"assis5@gmail.com",4,0343454239);

insert into Driver_Assistant values (default,"WP QQ 2345","200083301184",'12345678912V',10.30);
insert into Driver_Assistant values (default,"EP LK 1889","12567845634V",'12345674442V',20);
insert into Driver_Assistant values (default,"SP AAA 3449","78964545634V",'12000008912V',8);