use project_Final;

-- Done
insert into Product values (default, 100.00, "p1", 12.45, "This is the product 1",10);
insert into Product values (default, 500.00, "p2", 45.74, "This is the product 2",100);
insert into Product values (default, 755.00, "p3", 752.21, "This is the product 3",110);
insert into Product values (default, 787.00, "p4", 75.11, "This is the product 4",120);
insert into Product values (default, 750.00, "p5", 17.87, "This is the product 5",160);
insert into Product values (default, 578.00, "p6", 12.75, "This is the product 6",170);
insert into Product values (default, 275.00, "p7", 12.45, "This is the product 7",810);
insert into Product values (default, 786.00, "p8", 111.00, "This is the product 8",150);
insert into Product values (default, 785.00, "p9", 74.12, "This is the product 9",100);
insert into Product values (default, 412.00, "p10", 470.33, "This is the product 10",10);
insert into Product values (default, 415.00, "p11", 34.50, "This is the product 11",13);
insert into Product values (default, 130.00, "p12", 4.00, "This is the product 12",12);
insert into Product values (default, 560.00, "p13", 50.00, "This is the product 13",89);
insert into Product values (default, 230.00, "p14", 23.89, "This is the product 14",90);
insert into Product values (default, 400.00, "p15", 1.201, "This is the product 15",89);
insert into Product values (default, 340.00, "p16", 12.01, "This is the product 16",76);
insert into Product values (default, 414.00, "p17", 34.67, "This is the product 17",65);
insert into Product values (default, 345.00, "p18", 23.01, "This is the product 18",35);
insert into Product values (default, 900.00, "p19", 25.01, "This is the product 19",45);
insert into Product values (default, 670.00, "p20", 45.00, "This is the product 20",90);
insert into Product values (default, 400.00, "p21", 470.00, "This is the product 21",13);
insert into Product values (default, 340.00, "p22", 4.09, "This is the product 22",86);
insert into Product values (default, 413.00, "p23", 5.90, "This is the product 23",65);
insert into Product values (default, 670.00, "p24", 34.89, "This is the product 24",80);
insert into Product values (default, 785.00, "p25", 56.95, "This is the product 25",12);
insert into Product values (default, 490.00, "p26", 23.78, "This is the product 26",25);
insert into Product values (default, 290.00, "p27", 12.56, "This is the product 27",345);
insert into Product values (default, 109.00, "p28", 67.02, "This is the product 28",45);
insert into Product values (default, 100.00, "p29", 34.76, "This is the product 29",90);
insert into Product values (default, 370.00, "p30", 45.70, "This is the product 30",80);
insert into Product values (default, 420.00, "p31", 50.50, "This is the product 31",12);
insert into Product values (default, 123.00, "p32", 78.12, "This is the product 32",18);
insert into Product values (default, 789.00, "p33", 89.70, "This is the product 33",48);
insert into Product values (default, 566.00, "p34", 40.33, "This is the product 34",78);
insert into Product values (default, 744.00, "p35", 78.20, "This is the product 35",93);
insert into Product values (default, 390.00, "p36", 12.00, "This is the product 36",13);
insert into Product values (default, 370.00, "p37", 45.10, "This is the product 37",700);
insert into Product values (default, 780.00, "p38", 11.40, "This is the product 38",450);
insert into Product values (default, 200.00, "p39", 45.23, "This is the product 39",170);
insert into Product values (default, 100.00, "p40", 78.45, "This is the product 40",180);
insert into Product values (default, 120.00, "p41", 74.23, "This is the product 41",480);
insert into Product values (default, 787.00, "p42", 78.00, "This is the product 42",780);
insert into Product values (default, 600.00, "p43", 12.70, "This is the product 43",790);
insert into Product values (default, 200.00, "p44", 11.11, "This is the product 44",12);
insert into Product values (default, 100.00, "p45", 48.30, "This is the product 45",178);
insert into Product values (default, 800.00, "p46", 99.80, "This is the product 46",170);
insert into Product values (default, 700.00, "p47", 87.12, "This is the product 47",100);
insert into Product values (default, 455.00, "p48", 14.36, "This is the product 48",79);
insert into Product values (default, 330.00, "p49", 78.45, "This is the product 49",63);
insert into Product values (default, 890.00, "p50", 45.32, "This is the product 50",17);


-- Done
insert into Product_Image values (default,1,'toppng.com-png-effects-download-500x500.png');
insert into Product_Image values (default,2,'toppng.com-png-effects-download-500x500.png');
insert into Product_Image values (default,3,'toppng.com-png-effects-download-500x500.png');
insert into Product_Image values (default,4,'toppng.com-png-effects-download-500x500.png');
insert into Product_Image values (default,5,'toppng.com-png-effects-download-500x500.png');
insert into Product_Image values (default,6,'toppng.com-png-effects-download-500x500.png');
insert into Product_Image values (default,7,'toppng.com-png-effects-download-500x500.png');
insert into Product_Image values (default,8,'toppng.com-png-effects-download-500x500.png');
insert into Product_Image values (default,9,'toppng.com-png-effects-download-500x500.png');
insert into Product_Image values (default,10,'toppng.com-png-effects-download-500x500.png');
insert into Product_Image values (default,11,'toppng.com-png-effects-download-500x500.png');
insert into Product_Image values (default,12,'toppng.com-png-effects-download-500x500.png');
insert into Product_Image values (default,13,'toppng.com-png-effects-download-500x500.png');
insert into Product_Image values (default,14,'toppng.com-png-effects-download-500x500.png');
insert into Product_Image values (default,15,'toppng.com-png-effects-download-500x500.png');
insert into Product_Image values (default,16,'toppng.com-png-effects-download-500x500.png');
insert into Product_Image values (default,17,'toppng.com-png-effects-download-500x500.png');
insert into Product_Image values (default,18,'toppng.com-png-effects-download-500x500.png');
insert into Product_Image values (default,19,'toppng.com-png-effects-download-500x500.png');
insert into Product_Image values (default,20,'toppng.com-png-effects-download-500x500.png');
insert into Product_Image values (default,21,'toppng.com-png-effects-download-500x500.png');
insert into Product_Image values (default,22,'toppng.com-png-effects-download-500x500.png');
insert into Product_Image values (default,23,'toppng.com-png-effects-download-500x500.png');
insert into Product_Image values (default,24,'toppng.com-png-effects-download-500x500.png');
insert into Product_Image values (default,25,'toppng.com-png-effects-download-500x500.png');
insert into Product_Image values (default,26,'toppng.com-png-effects-download-500x500.png');
insert into Product_Image values (default,27,'toppng.com-png-effects-download-500x500.png');
insert into Product_Image values (default,28,'toppng.com-png-effects-download-500x500.png');
insert into Product_Image values (default,29,'toppng.com-png-effects-download-500x500.png');
insert into Product_Image values (default,30,'toppng.com-png-effects-download-500x500.png');
insert into Product_Image values (default,31,'toppng.com-png-effects-download-500x500.png');
insert into Product_Image values (default,32,'toppng.com-png-effects-download-500x500.png');
insert into Product_Image values (default,33,'toppng.com-png-effects-download-500x500.png');
insert into Product_Image values (default,34,'toppng.com-png-effects-download-500x500.png');
insert into Product_Image values (default,35,'toppng.com-png-effects-download-500x500.png');
insert into Product_Image values (default,36,'toppng.com-png-effects-download-500x500.png');
insert into Product_Image values (default,37,'toppng.com-png-effects-download-500x500.png');
insert into Product_Image values (default,38,'toppng.com-png-effects-download-500x500.png');
insert into Product_Image values (default,39,'toppng.com-png-effects-download-500x500.png');
insert into Product_Image values (default,40,'toppng.com-png-effects-download-500x500.png');
insert into Product_Image values (default,41,'toppng.com-png-effects-download-500x500.png');
insert into Product_Image values (default,42,'toppng.com-png-effects-download-500x500.png');
insert into Product_Image values (default,43,'toppng.com-png-effects-download-500x500.png');
insert into Product_Image values (default,44,'toppng.com-png-effects-download-500x500.png');
insert into Product_Image values (default,45,'toppng.com-png-effects-download-500x500.png');
insert into Product_Image values (default,46,'toppng.com-png-effects-download-500x500.png');
insert into Product_Image values (default,47,'toppng.com-png-effects-download-500x500.png');
insert into Product_Image values (default,48,'toppng.com-png-effects-download-500x500.png');
insert into Product_Image values (default,49,'toppng.com-png-effects-download-500x500.png');
insert into Product_Image values (default,50,'toppng.com-png-effects-download-500x500.png');


-- Done
insert into Store values (default, "Colombo","Colombo Store",0111234567,"Address of Colombo Store");
insert into Store values (default, "Negombo","Negombo Store",0913256987,"Address of Negambo Store");
insert into Store values (default, "Galle","Galle Store",0260690609,"Address of Galle Store");
insert into Store values (default, "Matara","Matara Store",0210609409,"Address of Matara Store");
insert into Store values (default, "Jaffna","Jaffna Store",0257899609,"Address of Jaffna Store");
insert into Store values (default, "Trinco","Trinco Store",0550601129,"Address of Trinco Store");



-- Done
insert into Train_Route values (default, 1,'06:10:00');
insert into Train_Route values (default, 1,'13:40:00');
insert into Train_Route values (default, 1,'18:36:00');
insert into Train_Route values (default, 2,'06:30:00');
insert into Train_Route values (default, 2,'13:55:00');
insert into Train_Route values (default, 2,'18:50:00');
insert into Train_Route values (default, 3,'06:45:00');
insert into Train_Route values (default, 3,'14:00:00');
insert into Train_Route values (default, 3,'17:05:00');
insert into Train_Route values (default, 4,'06:55:00');
insert into Train_Route values (default, 4,'14:20:00');
insert into Train_Route values (default, 4,'17:15:00');
insert into Train_Route values (default, 5,'07:20:00');
insert into Train_Route values (default, 5,'14:36:00');
insert into Train_Route values (default, 5,'17:32:00');
insert into Train_Route values (default, 6,'07:40:00');
insert into Train_Route values (default, 6,'14:52:00');
insert into Train_Route values (default, 6,'17:46:00');
insert into Train_Route values (default, 7,'07:46:00');
insert into Train_Route values (default, 7,'15:05:00');
insert into Train_Route values (default, 7,'17:57:00');


-- Done
insert into Train values(default, 1,3210,500);
insert into Train values(default, 2,4000,400);
insert into Train values(default, 3,700,500);
insert into Train values(default, 4,790,0);
insert into Train values(default, 5,1000,0);
insert into Train values(default, 6,600,0);
insert into Train values(default, 7,480,250);
insert into Train values(default, 8,100,250);
insert into Train values(default, 9,7000,250);
insert into Train values(default, 10,300,3000);
insert into Train values(default, 11,700,3000);
insert into Train values(default, 12,600,3000);
insert into Train values(default, 13,450,66);
insert into Train values(default, 14,900,66);
insert into Train values(default, 15,200,66);
insert into Train values(default, 16,100,66);
insert into Train values(default, 17,650,66);
insert into Train values(default, 18,400,66);
insert into Train values(default, 19,500,40);
insert into Train values(default, 20,800,00);
insert into Train values(default, 21,600,68);


-- Done
insert into Customer values ("manager@gmail.com",",Main Manager","manager", 'managerpassword', 0761546870);
insert into Customer values ("customer1@gmail.com","customer1","retailer", 'customer1password', 0761546871);
insert into Customer values ("customer2@gmail.com","customer2","wholesaler", 'customer2password', 0783546872);


-- Done
insert into Truck_Route values ('Kandy', 10.30);
insert into Truck_Route values ('Kurunegala', 8.00);
insert into Truck_Route values ('Kegalla', 22.00);
insert into Truck_Route values ('Matale', 20.00);
insert into Truck_Route values ('Nuwara Eliya', 6.00);
insert into Truck_Route values ('Colombo', 5.30);
insert into Truck_Route values ('Gampaha', 3.30);
insert into Truck_Route values ('Kaluthara', 7.00);
insert into Truck_Route values ('Mathara', 6.30);
insert into Truck_Route values ('Rathnapura', 8.30);
insert into Truck_Route values ('Galle', 3.20);
insert into Truck_Route values ('Hambanthota', 7.00);
insert into Truck_Route values ('Monaragala', 4.20);
insert into Truck_Route values ('Ampara', 6.50);
insert into Truck_Route values ('Badulla', 7.20);
insert into Truck_Route values ('Anuradhapura', 4.30);
insert into Truck_Route values ('Polonnaruwa', 9.20);
insert into Truck_Route values ('Puttalama', 3.20);
insert into Truck_Route values ('Wauniya', 7.15);
insert into Truck_Route values ('Trinco', 4.40);
insert into Truck_Route values ('Baticlo', 9.50);
insert into Truck_Route values ('Jaffna', 2.30);
insert into Truck_Route values ('Kilinochchi', 6.450);
insert into Truck_Route values ('Mannar', 7.30);
insert into Truck_Route values ('Mulathiw', 6.30);


-- Done
insert into Orders values (default, 'No 22, Kaluthara, Colombo','customer1@gmail.com','2022-8-20','12:20:57','Kaluthara',4850,'2022-8-21',21930.00);
insert into Orders values (default, 'No 13, Port Road, Trinco','customer2@gmail.com','2023-1-1','16:23:24','Trinco',44100,'2023-1-15',341800.00);
insert into Orders values (default, 'No 12, Temple Road, Ratnapura','customer3@gmail.com','2023-1-2','16:23:24','Rathnapura',44100,'2023-1-15',341800.00);
insert into Orders values (default, 'No 13, Temple Road, Hambantota','customer4@gmail.com','2023-1-3','16:23:24','Hambanthota',44100,'2023-1-15',341800.00);
insert into Orders values (default, 'No 13, Port Road, Matara','customer5@gmail.com','2023-1-4','16:23:24','Mathara',44100,'2023-1-15',341800.00);
insert into Orders values (default, 'No 13, Port Road, Galle','customer6@gmail.com','2023-1-5','16:23:24','Galle',44100,'2023-1-15',341800.00);
insert into Orders values (default, 'No 13, Port Road, Monaragala','customer7@gmail.com','2023-2-1','16:23:24','Monaragala',44100,'2023-1-15',341800.00);
insert into Orders values (default, 'No 13, Port Road, Badulla','customer8@gmail.com','2022-1-1','16:23:24','Badulla',44100,'2022-1-15',341800.00);
insert into Orders values (default, 'No 13, Port Road, Mannar','customer9@gmail.com','2022-12-1','16:23:24','Mannar',44100,'2023-1-15',341800.00);
insert into Orders values (default, 'No 13, Port Road, Mualathiw','customer10@gmail.com','2022-11-1','16:23:24','Mualthiw',44100,'2023-1-15',341800.00);
insert into Orders values (default, 'No 13, Port Road, Puttalam','customer11@gmail.com','2023-1-11','16:23:24','Puttalama',44100,'2023-1-15',341800.00);
insert into Orders values (default, 'No 13, Port Road, Batticlo','customer12@gmail.com','2022-2-1','16:23:24','Batticlo',44100,'2023-1-15',341800.00);
insert into Orders values (default, 'No 13, Port Road, Polonnaruwa','customer13@gmail.com','2022-9-1','16:23:24','Polonnaruwa',44100,'2023-1-15',341800.00);
insert into Orders values (default, 'No 13, Port Road, Ampara','custome14@gmail.com','2023-1-6','16:23:24','Ampara',44100,'2023-1-15',341800.00);
insert into Orders values (default, 'No 13, Port Road, Jaffna','customer15@gmail.com','2023-1-7','16:23:24','Jaffna',44100,'2023-1-15',341800.00);
insert into Orders values (default, 'No 13, Port Road, Anuradhapura','customer16@gmail.com','2023-1-8','16:23:24','Anuradhapura',44100,'2023-1-15',341800.00);
insert into Orders values (default, 'No 13, Port Road, Colombo','customer17@gmail.com','2023-1-9','16:23:24','Colombo',44100,'2023-1-15',341800.00);
insert into Orders values (default, 'No 13, Port Road, Kurunegala','customer18@gmail.com','2023-1-10','16:23:24','Kurunegala',44100,'2023-1-15',341800.00);
insert into Orders values (default, 'No 13, Port Road, Matara','customer19@gmail.com','2023-1-11','16:23:24','Matara',44100,'2023-1-15',341800.00);
insert into Orders values (default, 'No 13, Port Road, Hambantota','customer20@gmail.com','2023-1-12','16:23:24','Hambantota',44100,'2023-1-15',341800.00);
insert into Orders values (default, 'No 13, Port Road, Rathnapura','customer21@gmail.com','2023-1-13','16:23:24','Rathnapura',44100,'2023-1-15',341800.00);
insert into Orders values (default, 'No 13, Port Road, Galle','customer22@gmail.com','2023-1-14','16:23:24','Galle',44100,'2023-1-15',341800.00);
insert into Orders values (default, 'No 13, Port Road, Mannar','customer23@gmail.com','2023-1-15','16:23:24','Mannar',44100,'2023-1-15',341800.00);
insert into Orders values (default, 'No 13, Port Road, Trinco','customer24@gmail.com','2023-1-16','16:23:24','Trinco',44100,'2023-1-15',341800.00);
insert into Orders values (default, 'No 13, Hill Road, Badulla','customer25@gmail.com','2023-1-17','16:23:24','Nuwara Eliya',44100,'2023-1-15',341800.00);
insert into Orders values (default, 'No 13, Kovil Road, Mulathiw','customer26@gmail.com','2023-1-18','16:23:24','Mulathiw',44100,'2023-1-15',341800.00);
insert into Orders values (default, 'No 13, Port Road, Colombo','customer27@gmail.com','2022-1-19','16:23:24','Negambo',44100,'2023-1-15',341800.00);
insert into Orders values (default, 'No 13, Temple Road, Ampara','customer28@gmail.com','2022-1-13','16:23:24','Amapara',44100,'2023-1-15',341800.00);
insert into Orders values (default, 'No 13, Kovil Road, Kalutara','customer29@gmail.com','2022-1-1','16:23:24','Kalutara',44100,'2023-1-15',341800.00);
insert into Orders values (default, 'No 13, Temple Road, Kurunegala','customer30@gmail.com','2023-1-1','16:23:24','Kurunegala',44100,'2023-1-15',341800.00);
insert into Orders values (default, 'No 13, Maliga Road, Kandy','customer31@gmail.com','2023-1-1','16:23:24','Nuwara Eliya',44100,'2023-1-15',341800.00);
insert into Orders values (default, 'No 124, Port Road, Trinco','customer32@gmail.com','2023-1-1','16:23:24','Trinco',44100,'2023-1-15',341800.00);
insert into Orders values (default, 'No 13, Kovil Road, Trinco','customer33@gmail.com','2023-1-1','16:23:24','Trinco',44100,'2023-1-15',341800.00);
insert into Orders values (default, 'No 124, Temple Road, Kandy','customer34@gmail.com','2023-1-1','16:23:24','Kandy',44100,'2023-1-15',341800.00);
insert into Orders values (default, 'No 13, Colombo Road, Rathnapura','customer35@gmail.com','2023-1-1','16:23:24','Rathnapura',44100,'2023-1-15',341800.00);
insert into Orders values (default, 'No 13, Main Road, Hambantota','customer36@gmail.com','2023-1-1','16:23:24','Hambanthota',44100,'2023-1-15',341800.00);
insert into Orders values (default, 'No 13, Church Road, Ampara','customer37@gmail.com','2023-1-1','16:23:24','Ampara',44100,'2023-1-15',341800.00);
insert into Orders values (default, 'No 78, Port Road, Trinco','customer38@gmail.com','2023-1-23','16:23:24','Trinco',44100,'2023-1-15',341800.00);
insert into Orders values (default, 'No 13, Port Road, Colombo','customer39@gmail.com','2023-1-3','16:23:24','Colombo',44100,'2023-1-15',341800.00);
insert into Orders values (default, 'No 56, Port Road, Colombo','customer40@gmail.com','2022-1-1','16:23:24','Kaluthara',44100,'2023-1-15',341800.00);



-- Change truck id and total duration. Change Delivery table according to truck ID
insert into Truck values ('NP XZ 3990', 1, 'Colombo',02.00);
insert into Truck values ('NP PO 2345', 1, 'Kaluthara',4.00);
insert into Truck values ('ER XZ 1234', 2, 'Gampaha',3.45);
insert into Truck values ('WP QQ 2345', 2, 'Kurunegala',12.00);
insert into Truck values ('WE XZ 3990', 2, 'Puttalama',21.00);
insert into Truck values ('TY GH 6578', 3, 'Galle',22.00);
insert into Truck values ('NP XZ 4567', 3, 'Rathnapura',2.30);
insert into Truck values ('NP XZ 3456', 4, 'Mathara',12.45);
insert into Truck values ('NP XZ 5678', 4, 'Hambanthota',5.00);
insert into Truck values ('NP XZ 2349', 4, 'Monaragala',4.45);
insert into Truck values ('NP XZ 8900', 5, 'Jaffna',12.35);
insert into Truck values ('NP XZ 5679', 5, 'Kilinochchi',1.30);
insert into Truck values ('NP XZ 1245', 5, 'Mulathiw',1.00);
insert into Truck values ('NP XZ 4576', 5, 'Mannar',3.30);
insert into Truck values ('NP XZ 1289', 5, 'Wauniya',5.30);
insert into Truck values ('NP XZ 6780', 6, 'Trinco',6.00);
insert into Truck values ('NP XZ 7891', 6, 'Anuradhapura',20.00);
insert into Truck values ('NP XZ 3451', 6, 'Polonnaruwa',20.30);
insert into Truck values ('NP XZ 7891', 6, 'Baticlo',8.00);
insert into Truck values ('NP XZ 3450', 6, 'Ampara',8.30);
insert into Truck values ('WP ABC 2891', 7, 'Kandy',21.00);
insert into Truck values ('NP XZ 3990', 7, 'Matale',9.00);
insert into Truck values ('NP XZ 3990', 7, 'Nuwara Eliya',9,30);
insert into Truck values ('EP LK 1889', 7, 'Kegalla',10.00);
insert into Truck values ('NP XZ 3490', 7, 'Badulla',10.30);


-- Shoud change acccording to truck table
insert into Delivery values (default, "customer1@gmail.com",'NP XZ 3990'); -- Truck id must Truck id of Kaluthara
insert into Delivery values (default, "customer2@gmail.com",'NP XZ 3990'); -- Truck id must truck id of Trinco
INSERT INTO Delivery VALUES(DEFAULT,"customer3@gmail.com","NP XZ 4567");
INSERT INTO Delivery VALUES(DEFAULT,"customer4@gmail.com","NP XZ 5678");
INSERT INTO Delivery VALUES(DEFAULT,"customer5@gmail.com","NP XZ 3456");
INSERT INTO Delivery VALUES(DEFAULT,"customer6@gmail.com","TY GH 6578");
INSERT INTO Delivery VALUES(DEFAULT,"customer7@gmail.com","NP XZ 2349");
INSERT INTO Delivery VALUES(DEFAULT,"customer8@gmail.com","NP XZ 3490");
INSERT INTO Delivery VALUES(DEFAULT,"customer9@gmail.com","NP XZ 4576");
INSERT INTO Delivery VALUES(DEFAULT,"customer10@gmail.com","NP XZ 1245");
INSERT INTO Delivery VALUES(DEFAULT,"customer11@gmail.com","WE XZ 3990");
INSERT INTO Delivery VALUES(DEFAULT,"customer12@gmail.com","NP XZ 7891");



-- Done
insert into Order_Delivery values (default,1,1);
insert into Order_Delivery values (default,2,2);

-- Done
insert into Transport values (default,2);
insert into Transport values (default,17);


-- Done
insert into Order_Transport values (default,1,1);
insert into Order_Transport values (default,2,2);


-- Done
insert into Order_Product values (default,1,4,10);
insert into Order_Product values (default,1,6,20);
insert into Order_Product values (default,1,1,25);
insert into Order_Product values (default,2,2,400);
insert into Order_Product values (default,2,10,150);
insert into Order_Product values (default,2,21,200);


-- Done
insert into Cart values ("customer1@gmail.com",default);
insert into Cart values ("customer2@gmail.com",default);


-- Done
insert into Cart_Product values (default,4,1,10);
insert into Cart_Product values (default,6,1,20);
insert into Cart_Product values (default,1,1,25);
insert into Cart_Product values (default,2,2,400);
insert into Cart_Product values (default,10,2,150);
insert into Cart_Product values (default,21,2,200);


-- Change ID, total duration and TP
insert into Driver values ("driver1@gmail.com","driver 1",1,"12367854634V",2,0222111770);
insert into Driver values ("driver2@gmail.com","driver 2",1,"12367890634V",2,0222111770);
insert into Driver values ("driver3@gmail.com","driver 3",1,"12367856634V",2,0222111770);
insert into Driver values ("driver4@gmail.com","driver 4",2,"12367854634V",2,0222111770);
insert into Driver values ("driver5@gmail.com","driver 5",2,"14445234345V",5,1234567890);
insert into Driver values ("driver6@gmail.com","driver 6",2,"14442344345V",5,0987856745);
insert into Driver values ("driver7@gmail.com","driver 7",2,"14443444345V",5,5634512345);
insert into Driver values ("driver8@gmail.com","driver 8",3,"74445456345V",5,0987456376);
insert into Driver values ("driver9@gmail.com","driver 9",3,"76445456345V",5,0112456789);
insert into Driver values ("driver10@gmail.com","driver 10",3,"67445456345V",5,0987654321);
insert into Driver values ("driver11@gmail.com","driver 11",4,"904454786345V",5,0226745678);
insert into Driver values ("driver12@gmail.com","driver 12",4,"72445489345V",5,0981234567);
insert into Driver values ("driver13@gmail.com","driver 13",4,"76445456345V",5,0603456743);
insert into Driver values ("driver14@gmail.com","driver 14",4,"90445456345V",5,0723567890);
insert into Driver values ("driver15@gmail.com","driver 15",5,"78445456345V",5,0723451675);
insert into Driver values ("driver16@gmail.com","driver 16",5,"98445456345V",5,01123456789);
insert into Driver values ("driver17@gmail.com","driver 17",5,"87445456345V",5,0547310008);
insert into Driver values ("driver18@gmail.com","driver 18",5,"76785456345V",5,0547310007);
insert into Driver values ("driver19@gmail.com","driver 19",5,"89705456345V",5,0547310006);
insert into Driver values ("driver20@gmail.com","driver 20",5,"97605456345V",5,0547310005);
insert into Driver values ("driver21@gmail.com","driver 21",6,"76565456345V",5,0547310004);
insert into Driver values ("driver22@gmail.com","driver 22",6,"75485456345V",5,0547310003);
insert into Driver values ("driver23@gmail.com","driver 23",6,"90875456345V",5,0547310002);
insert into Driver values ("driver24@gmail.com","driver 24",6,"96785456345V",5,0547310010);
insert into Driver values ("driver25@gmail.com","driver 25",6,"95465456345V",5,0547310009);
insert into Driver values ("driver26@gmail.com","driver 26",6,"98755456345V",5,0547310070);
insert into Driver values ("driver27@gmail.com","driver 27",7,"67895456345V",5,0547310600);
insert into Driver values ("driver28@gmail.com","driver 28",7,"90875456345V",5,0547350000);
insert into Driver values ("driver29@gmail.com","driver 29",7,"87905456345V",5,0547610000);
insert into Driver values ("driver30@gmail.com","driver 30",7,"93455456345V",5,0547410000);


-- change id, total duration and tp
insert into Assistant values ("Assistant1@gmail.com","Assistant 1",1,"72367854634V",2,0222111770);
insert into Assistant values ("Assistant2@gmail.com","Assistant 2",1,"71367854634V",6,0222567770);
insert into Assistant values ("Assistant3@gmail.com","Assistant 3",1,"90367854634V",2,0222531770);
insert into Assistant values ("Assistant4@gmail.com","Assistant 4",2,"78367854634V",2,0222435770);
insert into Assistant values ("Assistant5@gmail.com","Assistant 5",2,"56445456345V",4,0547678000);
insert into Assistant values ("Assistant6@gmail.com","Assistant 6",2,"98445456345V",9,0547567800);
insert into Assistant values ("Assistant7@gmail.com","Assistant 7",2,"73445456345V",3,0547323400);
insert into Assistant values ("Assistant8@gmail.com","Assistant 8",3,"74445456345V",6,0547354100);
insert into Assistant values ("Assistant9@gmail.com","Assistant 9",3,"76445456345V",7,0547345000);
insert into Assistant values ("Assistant10@gmail.com","Assistant 10",3,"94445456345V",4,0541240000);
insert into Assistant values ("Assistant11@gmail.com","Assistant 11",4,"89445456345V",3,0541200000);
insert into Assistant values ("Assistant12@gmail.com","Assistant 12",4,"87445456345V",5,0547345000);
insert into Assistant values ("Assistant13@gmail.com","Assistant 13",4,"88445456345V",6,0547310900);
insert into Assistant values ("Assistant14@gmail.com","Assistant 14",4,"84445456345V",9,0547310897);
insert into Assistant values ("Assistant15@gmail.com","Assistant 15",5,"76445456345V",1,0547310901);
insert into Assistant values ("Assistant16@gmail.com","Assistant 16",5,"90945456345V",2,05473100100);
insert into Assistant values ("Assistant17@gmail.com","Assistant 17",5,"78945456345V",3,05473100900);
insert into Assistant values ("Assistant18@gmail.com","Assistant 18",5,"87645456345V",4,0547310977);
insert into Assistant values ("Assistant19@gmail.com","Assistant 19",5,"85445456345V",5,0547310899);
insert into Assistant values ("Assistant20@gmail.com","Assistant 20",5,"85345456345V",6,0547310866);
insert into Assistant values ("Assistant21@gmail.com","Assistant 21",6,"89045456345V",7,0547310544);
insert into Assistant values ("Assistant22@gmail.com","Assistant 22",6,"83245456345V",8,0547310643);
insert into Assistant values ("Assistant23@gmail.com","Assistant 23",6,"84145456345V",9,0547310901);
insert into Assistant values ("Assistant24@gmail.com","Assistant 24",6,"98745456345V",1,05473108712);
insert into Assistant values ("Assistant25@gmail.com","Assistant 25",6,"87545456345V",2,054731008901);
insert into Assistant values ("Assistant26@gmail.com","Assistant 26",6,"65445456345V",3,0547310123);
insert into Assistant values ("Assistant27@gmail.com","Assistant 27",7,"54145456345V",4,0547310234);
insert into Assistant values ("Assistant28@gmail.com","Assistant 28",7,"96145456345V",5,0547310446);
insert into Assistant values ("Assistant29@gmail.com","Assistant 29",7,"87145456345V",6,0547310457);
insert into Assistant values ("Assistant30@gmail.com","Assistant 30",7,"87345456345V",7,0547310890);


-- Shoud update
insert into Driver_Assistant values (default,"NP XZ 3990","12367854634V",'72367854634V',4);
insert into Driver_Assistant values (default,"NP PO 2345","12367890634V",'71367854634V',4);
insert into Driver_Assistant values (default,"ER XZ 1234","12367856634V",'90367854634V',4);

insert into Driver_Assistant values (default,"WE XZ 3990","74445456345V",'76445456345V',4);

